<?xml version="1.0" encoding="UTF-8" standalone="yes"?>
<bundle version="1.0.17" requiredHostVersion="0.9.0" id="adito-community-activedirectory" name="Adito Active Directory" order="50" license="GPL" startOnSetupMode="true" productURL="http://localhost">
    <description>
		This extension contains a user database that supports Active
		Directory
	</description>
    <install>
        <cp toDir="${context:conf.dir}/activedirectory">${bundle:baseDir}/private/conf/krb5.template</cp>
    </install>
    <extension type="plugin" extension="adito-community-activedirectory" name="Adito Community Active Directory">
        <description>
			This extension adds the 'Active Directory user database'
			feature to Adito.
		</description>
        <plugin name="adito-community-activedirectory" class="com.adito.activedirectory.ActiveDirectoryCommunityPlugin">
            <classpath>private/adito-community-activedirectory-0.9.2-SNAPSHOT.jar</classpath>
            <resources>webapp</resources>
        </plugin>
        <propertyDefinitions>
            <realmProperties>
                <category bundle="activeDirectory" id="80" image="categories/active-directory.gif" parent="1030"/>
                <category bundle="activeDirectory" id="81" parent="80"/>
                <category bundle="activeDirectory" id="82" parent="80"/>
                <category bundle="activeDirectory" id="83" parent="80"/>
                <definition category="81" defaultValue="localhost" messageResourcesKey="activeDirectory" name="activeDirectory.controllerHost" sortOrder="10" type="0" typeMeta="" validation="com.adito.install.validators.ActiveDirectoryBackupHostnameValidator"/>
                <definition category="81" defaultValue="" messageResourcesKey="activeDirectory" name="activeDirectory.backupControllerHosts" sortOrder="20" type="5" typeMeta="30x5" validation="com.adito.install.validators.ActiveDirectoryBackupHostnameValidator"/>
                <definition category="81" defaultValue="" messageResourcesKey="activeDirectory" name="activeDirectory.domain" sortOrder="30" type="0" typeMeta="" validation="com.adito.input.validators.NonBlankStringValidator"/>
                <definition category="81" defaultValue="" messageResourcesKey="activeDirectory" name="activeDirectory.serviceAccountUsername" sortOrder="40" type="0" typeMeta="" validation=""/>
                <definition category="81" defaultValue="" messageResourcesKey="activeDirectory" name="activeDirectory.serviceAccountPassword" sortOrder="50" type="4" typeMeta="" validation=""/>
                <definition category="82" defaultValue="" messageResourcesKey="activeDirectory" name="activeDirectory.organizationalUnitFilter" sortOrder="10" type="5" typeMeta="30x5" validation=""/>
                <definition category="82" defaultValue="" messageResourcesKey="activeDirectory" name="activeDirectory.excludedOrganizationalUnitFilter" sortOrder="20" type="5" typeMeta="" validation=""/>
                <definition category="82" defaultValue="true" messageResourcesKey="activeDirectory" name="activeDirectory.includeBuiltInGroups" sortOrder="30" type="2" typeMeta="" validation=""/>
                <definition category="82" defaultValue="false" messageResourcesKey="activeDirectory" name="activeDirectory.includeDistributionGroups" sortOrder="40" type="2" typeMeta="" validation=""/>
                <definition category="82" defaultValue="true" messageResourcesKey="activeDirectory" name="activeDirectory.includeStandardUsers" sortOrder="50" type="2" typeMeta="" validation=""/>
                <definition category="83" defaultValue="GSSAPI" messageResourcesKey="activeDirectory" name="activeDirectory.serviceAuthenticationType" sortOrder="5" type="3" typeMeta="GSSAPI,simple" validation="com.adito.install.validators.ActiveDirectoryAuthenticationMethodValidator"/>
                <definition category="83" defaultValue="GSSAPI" messageResourcesKey="activeDirectory" name="activeDirectory.userAuthenticationType" sortOrder="10" type="3" typeMeta="GSSAPI,simple" validation=""/>
                <definition category="83" defaultValue="30" messageResourcesKey="activeDirectory" name="activeDirectory.kdcTimeout" sortOrder="20" type="1" typeMeta="" validation="com.adito.input.validators.IntegerValidator"/>
                <definition category="83" defaultValue="3" messageResourcesKey="activeDirectory" name="activeDirectory.kdcMaxTries" sortOrder="30" type="1" typeMeta="" validation="com.adito.input.validators.IntegerValidator"/>
                <definition category="83" defaultValue="30" messageResourcesKey="activeDirectory" name="activeDirectory.connection.timeout" sortOrder="40" type="1" typeMeta="" validation="com.adito.input.validators.IntegerValidator"/>
                <definition category="83" defaultValue="true" messageResourcesKey="activeDirectory" name="activeDirectory.cacheInMemory" sortOrder="50" type="2" typeMeta="" validation=""/>
                <definition category="83" defaultValue="20000" messageResourcesKey="activeDirectory" name="activeDirectory.cacheUserMaxObjects" sortOrder="60" type="1" typeMeta="" validation="com.adito.input.validators.IntegerValidator"/>
                <definition category="83" defaultValue="1000" messageResourcesKey="activeDirectory" name="activeDirectory.cacheGroupMaxObjects" sortOrder="70" type="1" typeMeta="" validation="com.adito.input.validators.IntegerValidator"/>
                <definition category="83" defaultValue="30" messageResourcesKey="activeDirectory" name="activeDirectory.userCacheTTL" sortOrder="80" type="1" typeMeta="" validation="com.adito.input.validators.IntegerValidator(minValue=1,maxValue=2147483647)"/>
                <definition category="83" defaultValue="500" messageResourcesKey="activeDirectory" name="activeDirectory.pageSize" sortOrder="90" type="1" typeMeta="" validation="com.adito.input.validators.IntegerValidator"/>
                <definition category="83" defaultValue="true" messageResourcesKey="activeDirectory" name="activeDirectory.memberOfSupported" sortOrder="100" type="2" typeMeta="" validation=""/>
                <definition category="83" defaultValue="false" messageResourcesKey="activeDirectory" name="activeDirectory.usernamesAreCaseSensitive" sortOrder="110" type="2" typeMeta="" validation=""/>
                <definition category="83" defaultValue="false" messageResourcesKey="activeDirectory" name="activeDirectory.followReferrals" sortOrder="120" type="2" typeMeta="" validation=""/>
			</realmProperties>
        </propertyDefinitions>
    </extension>
</bundle>
